system:index,Log,.geo
0,1,"{""type"":""Polygon"",""coordinates"":[[[-105.42491180792734,38.084556697083976],[-105.42489303246425,38.084438471455975],[-105.4245416630833,38.084491250777795],[-105.42455775633738,38.08462425449983],[-105.42491180792734,38.084556697083976]]]}"
1,1,"{""type"":""Polygon"",""coordinates"":[[[-105.4248688925831,38.08439202562126],[-105.424847434911,38.08426535501292],[-105.42448533669399,38.08433924622779],[-105.4245228876202,38.08445324966992],[-105.4248688925831,38.08439202562126]]]}"
2,1,"{""type"":""Polygon"",""coordinates"":[[[-105.42547775402949,38.08520271231762],[-105.42545629635738,38.085120377360134],[-105.42527658835337,38.085120377360134],[-105.42522294417309,38.085061265025786],[-105.42488230362818,38.08504859809077],[-105.4249386300175,38.08518371195104],[-105.42547775402949,38.08520271231762]]]}"
3,1,"{""type"":""Polygon"",""coordinates"":[[[-105.42476696864055,38.08497681875096],[-105.4248313416569,38.0848754830924],[-105.42433513298916,38.08485014915582],[-105.42428417101786,38.084919817460296],[-105.42476696864055,38.08497681875096]]]}"
4,1,"{""type"":""Polygon"",""coordinates"":[[[-105.42480451956675,38.08518160079888],[-105.42482597723888,38.08504859809077],[-105.4245067943661,38.08501904190057],[-105.42480451956675,38.08518160079888]]]}"
5,1,"{""type"":""Polygon"",""coordinates"":[[[-105.42376382246898,38.0840162355097],[-105.42374504700587,38.0839402327804],[-105.42364580527232,38.083948677532],[-105.42365921631739,38.08402256906693],[-105.42376382246898,38.0840162355097]]]}"
6,1,"{""type"":""Polygon"",""coordinates"":[[[-105.42496008768961,38.08412812827295],[-105.42493326559948,38.083997234834776],[-105.424847434911,38.083997234834776],[-105.42488766804622,38.084136573002844],[-105.42496008768961,38.08412812827295]]]}"
7,1,"{""type"":""Polygon"",""coordinates"":[[[-105.42359752551006,38.08352643875713],[-105.42355461016581,38.08334487533427],[-105.42346073285029,38.08335754256445],[-105.42353047028469,38.08353910595588],[-105.42359752551006,38.08352643875713]]]}"
8,1,"{""type"":""Polygon"",""coordinates"":[[[-105.42358143225596,38.08402890262357],[-105.42354656353876,38.08392756565117],[-105.42347146168635,38.083978234154934],[-105.42350901261257,38.08405845921407],[-105.42358143225596,38.08402890262357]]]}"
9,1,"{""type"":""Polygon"",""coordinates"":[[[-104.57588190196694,39.25327181105795],[-104.57588190196694,39.25321677090681],[-104.57584703324973,39.253157576733805],[-104.57578266023339,39.25311395994277],[-104.57571828721701,39.25308695905854],[-104.57566196082772,39.25308280507541],[-104.57567537187279,39.25336631385816],[-104.57582691668212,39.25336942933291],[-104.57588190196694,39.25327181105795]]]}"
10,1,"{""type"":""Polygon"",""coordinates"":[[[-104.57579070686042,39.25388036532089],[-104.57585776208579,39.253858557153535],[-104.57586446760833,39.253803517462984],[-104.57588592528045,39.25378274775721],[-104.57588726638495,39.253648783007165],[-104.57588324307144,39.25352001044799],[-104.57577863691986,39.25345562407976],[-104.57570487617195,39.25346600898185],[-104.57572767494858,39.25384713382509],[-104.57579070686042,39.25388036532089]]]}"
11,1,"{""type"":""Polygon"",""coordinates"":[[[-104.57594085323643,39.25364478427456],[-104.57605484711956,39.25364270729956],[-104.57612190234494,39.25358766743959],[-104.57620907413794,39.25357416709],[-104.57623321401906,39.25354197393809],[-104.57622650849653,39.25347135664996],[-104.57608435141873,39.253395546835],[-104.57593682992292,39.25337581549986],[-104.57592878329586,39.25345162533617],[-104.57592878329586,39.25355339731627],[-104.57594085323643,39.25364478427456]]]}"
12,1,"{""type"":""Polygon"",""coordinates"":[[[-104.57627881157231,39.25341112420095],[-104.57636196005178,39.253387238905084],[-104.57636061894726,39.25333116035247],[-104.5762573539002,39.25323146503702],[-104.5762761293633,39.25316084743618],[-104.57639012324644,39.253133846569995],[-104.57639414655995,39.25307465232697],[-104.57619432198835,39.25301130404662],[-104.57608301031424,39.25304661293128],[-104.57599181520771,39.25305595939775],[-104.57588720905615,39.253155654962704],[-104.5759153722508,39.253224195581396],[-104.57600924956631,39.25332804487601],[-104.57623991954159,39.253408008728044],[-104.57627881157231,39.25341112420095]]]}"
13,1,"{""type"":""Polygon"",""coordinates"":[[[-104.57568336117102,39.25395113741365],[-104.57567665564846,39.2536956701429],[-104.57511070954632,39.25368943922224],[-104.57516301262213,39.25374240203029],[-104.57521665680241,39.25379536479835],[-104.57536283719372,39.2538555969173],[-104.57541916358304,39.2539334832013],[-104.57553315746618,39.253962560725135],[-104.57568336117102,39.25395113741365]]]}"
14,1,"{""type"":""Polygon"",""coordinates"":[[[-104.57569274890257,39.25366140007238],[-104.57568470227551,39.25360739871511],[-104.57546476113629,39.25360324476284],[-104.57525420772863,39.25358039802089],[-104.5751066862328,39.25358559046291],[-104.5751616715176,39.2536364763742],[-104.57527164208722,39.25364686124952],[-104.5753762482388,39.253670746456905],[-104.57569274890257,39.25366140007238]]]}"
15,1,"{""type"":""Polygon"",""coordinates"":[[[-104.57565519797636,39.25356793615851],[-104.57564044582676,39.25338412343112],[-104.57552913415265,39.25339346985261],[-104.57541245806051,39.25342254760042],[-104.5753588138802,39.25347654910005],[-104.57518715250325,39.25348278003963],[-104.57503694879841,39.25349524191714],[-104.57503828990292,39.25357416708999],[-104.57513350832295,39.25356482069257],[-104.57529309975934,39.25355755127149],[-104.57547012555433,39.253576244067],[-104.57565519797636,39.25356793615851]]]}"
16,1,"{""type"":""Polygon"",""coordinates"":[[[-104.57599449741674,39.25394698348174],[-104.57587245690657,39.253938675617164],[-104.5758282004578,39.253989561272206],[-104.57575846302342,39.25399059975459],[-104.57572761761975,39.25402383118235],[-104.57578126180006,39.25407887069996],[-104.57589659678769,39.25409029399064],[-104.57598510968518,39.25405083170582],[-104.57599449741674,39.25394698348174]]]}"
17,1,"{""type"":""Polygon"",""coordinates"":[[[-104.57610178577733,39.25378809540116],[-104.57616079437565,39.25376732569082],[-104.57617152321171,39.253729940196706],[-104.57619834530186,39.253674900405194],[-104.57617956983876,39.25364270729956],[-104.57602668392491,39.25366036158511],[-104.57593012440037,39.25385871237032],[-104.57595560538603,39.25388052053759],[-104.57604948270153,39.2539012902144],[-104.57612994897198,39.25388675144129],[-104.57610178577733,39.25378809540116]]]}"
18,1,"{""type"":""Polygon"",""coordinates"":[[[-104.57507181751562,39.25344954835541],[-104.57514557826353,39.253445394393815],[-104.57522872674299,39.25343397099804],[-104.57526359546019,39.25341735514633],[-104.57523409116101,39.2533685460592],[-104.5750691353066,39.253404893254995],[-104.57507181751562,39.25344954835541]]]}"
19,1,"{""type"":""Polygon"",""coordinates"":[[[-104.57597503478101,39.25272478068306],[-104.57596967036297,39.25263027701819],[-104.57490081007055,39.25262404600285],[-104.57489946896602,39.252701933654876],[-104.57597503478101,39.25272478068306]]]}"
20,1,"{""type"":""Polygon"",""coordinates"":[[[-104.57636529619266,39.25300932941027],[-104.57632640416196,39.25285251620341],[-104.57623923236896,39.25284420820918],[-104.57623252684643,39.25289405615992],[-104.57627141887716,39.25302386836532],[-104.57636529619266,39.25300932941027]]]}"
21,1,"{""type"":""Polygon"",""coordinates"":[[[-104.57616413051655,39.25296675102456],[-104.57617351824811,39.25291171063397],[-104.57620168144275,39.252873286184744],[-104.57618961150219,39.25283174621597],[-104.57616949493458,39.25279643722314],[-104.57612792069484,39.25278501372164],[-104.57597101146749,39.25278916772241],[-104.57594821269085,39.25281513022155],[-104.57589456851056,39.25281616872132],[-104.5758677464204,39.25280474522304],[-104.57567328626683,39.2527829367212],[-104.57567060405782,39.25283278471549],[-104.57569206172992,39.25301348339772],[-104.57576716358234,39.25303944581382],[-104.57584360653927,39.25301659888819],[-104.5759227317052,39.253048792281255],[-104.57600051576664,39.25301348339773],[-104.57612926179935,39.25300102143459],[-104.57616413051655,39.25296675102456]]]}"
22,1,"{""type"":""Polygon"",""coordinates"":[[[-104.57501708209016,39.25308750993769],[-104.57500903546311,39.25295146686388],[-104.57495136796929,39.25292238892072],[-104.57488565384843,39.25292446591705],[-104.57488163053489,39.25308543294619],[-104.5749339336107,39.25310308737208],[-104.57501708209016,39.25308750993769]]]}"
23,1,"{""type"":""Polygon"",""coordinates"":[[[-104.57539661466576,39.25290473444934],[-104.57539661466576,39.25279257652744],[-104.57514448701835,39.252791538027324],[-104.57515253364541,39.252908888443024],[-104.57539661466576,39.25290473444934]]]}"
24,1,"{""type"":""Polygon"",""coordinates"":[[[-106.37345210477518,40.0207017816722],[-106.37340248390842,40.02071307904655],[-106.37334079310106,40.02075313335883],[-106.3732898311298,40.020782917319366],[-106.37327642008471,40.020803457974225],[-106.37331799432444,40.02083632300918],[-106.37335554525065,40.020833241912804],[-106.37338773175884,40.02081578236418],[-106.37342528268505,40.020787025450836],[-106.37346417471575,40.02076956589038],[-106.37350843116451,40.02073875489049],[-106.37350172564196,40.020718214216124],[-106.37345210477518,40.0207017816722]]]}"
25,1,"{""type"":""Polygon"",""coordinates"":[[[-106.37321472927736,40.02067918691783],[-106.37327105566669,40.020642213667266],[-106.37333542868305,40.02059086189716],[-106.3733796851318,40.020548753416826],[-106.37340248390842,40.02051896935405],[-106.37336895629572,40.02050150972503],[-106.373327382056,40.020508698984564],[-106.37330592438387,40.02049842861355],[-106.37326837345766,40.02052410453823],[-106.3732361869495,40.02054772638038],[-106.37319595381426,40.0205775104306],[-106.37315840288807,40.02061037557435],[-106.37314230963398,40.020645294772244],[-106.37317449614214,40.02067199767623],[-106.37321472927736,40.02067918691783]]]}"
26,1,"{""type"":""Polygon"",""coordinates"":[[[-106.37318254276919,40.02048302305411],[-106.37319595381426,40.020456320076164],[-106.37318254276919,40.02043680635494],[-106.37314365073848,40.020428590049576],[-106.3731288985889,40.02044810377317],[-106.37311682864832,40.02046556341588],[-106.3730940298717,40.02049021231563],[-106.3730752544086,40.020511780095575],[-106.37306452557253,40.020539510088405],[-106.37305513784098,40.02057237525044],[-106.37308195993113,40.02060010521864],[-106.3731128053348,40.02059086189716],[-106.37311951085735,40.02056518599759],[-106.37313426300693,40.020542591198],[-106.37315437957453,40.02051588824338],[-106.37318254276919,40.02048302305411]]]}"
27,1,"{""type"":""Polygon"",""coordinates"":[[[-106.37363140466087,40.021501422037],[-106.37360592367521,40.021460341141335],[-106.3735831248986,40.021414125104116],[-106.37356837274902,40.02138228737138],[-106.3735455739724,40.02134017937948],[-106.3735133874642,40.021296017311236],[-106.37348120095602,40.02125288224026],[-106.37345706107489,40.02121693632696],[-106.37343560340278,40.02118099039472],[-106.37338866474501,40.02112553091926],[-106.37336988928192,40.02110293630521],[-106.37334709050529,40.02109266602363],[-106.37332429172866,40.021083422768875],[-106.37329746963852,40.021076233569865],[-106.37328137638443,40.021110125501394],[-106.37330015184753,40.021138882278564],[-106.37331088068358,40.02117482823299],[-106.37334172608726,40.02122001740601],[-106.3733698892819,40.02127958490647],[-106.37340744020813,40.02133915235496],[-106.37345303776138,40.0213576387939],[-106.37347985985151,40.02139769272779],[-106.37350265862815,40.02144288175317],[-106.37356032612196,40.021494232882056],[-106.37358714821211,40.02152196247558],[-106.37361531140677,40.02152196247558],[-106.37363140466087,40.021501422037]]]}"
28,1,"{""type"":""Polygon"",""coordinates"":[[[-106.37337257149093,40.02154866503648],[-106.37338061811798,40.021526070562544],[-106.3733672070729,40.02149115181541],[-106.37335781934135,40.02146444923203],[-106.37333233835571,40.021434665568954],[-106.37330819847456,40.02139358463306],[-106.37328808190695,40.021359692842374],[-106.3732786941754,40.02133093615826],[-106.37326796533934,40.0213032064871],[-106.37326662423484,40.02127855788104],[-106.37324784877173,40.02124363900723],[-106.37322773220411,40.02121590930058],[-106.37321834447256,40.02119228768976],[-106.37318347575537,40.02119639579657],[-106.37315933587425,40.02120563903601],[-106.37315531256071,40.02123028766838],[-106.37315799476973,40.021258017369206],[-106.37316604139679,40.02128266598266],[-106.3731700647103,40.02131553078678],[-106.37317677023285,40.02134634152624],[-106.37319688680046,40.0213812603475],[-106.37321968557708,40.02140796296346],[-106.37324248435371,40.021434665568954],[-106.37324650766723,40.021453151982044],[-106.37326260092131,40.02147677350256],[-106.37328405859343,40.02150244905909],[-106.37330953957907,40.02151990843199],[-106.37334172608726,40.02153531375733],[-106.37337257149093,40.02154866503648]]]}"
29,1,"{""type"":""Polygon"",""coordinates"":[[[-106.37307350518577,40.02131347673698],[-106.37306679966322,40.02128163895728],[-106.37303863646858,40.021283693008016],[-106.37301449658743,40.02128780110934],[-106.37300242664686,40.02130834161221],[-106.37297962787024,40.02131963888617],[-106.37297962787025,40.021349422599435],[-106.37298499228827,40.021382287371374],[-106.37298633339277,40.021417206174235],[-106.37301583769194,40.021439800684206],[-106.37302790763252,40.02147574648012],[-106.37304265978209,40.021515800344666],[-106.37308289291731,40.021544556950836],[-106.37312044384353,40.02153839482198],[-106.37313921930664,40.02151785438836],[-106.37314726593367,40.02149012479318],[-106.37314056041114,40.021458287095896],[-106.37313653709762,40.02143569259205],[-106.37312446715704,40.021417206174235],[-106.37309898617141,40.0214100170104],[-106.37310032727592,40.021378179275736],[-106.3730963039624,40.02135353069677],[-106.37307350518577,40.02131347673698]]]}"
30,1,"{""type"":""Polygon"",""coordinates"":[[[-106.3749510514962,40.02130834161222],[-106.37499933125846,40.021297044336414],[-106.37502078893057,40.02127650383013],[-106.37501274230354,40.02125288224026],[-106.37499799015394,40.02122515253739],[-106.37496848585478,40.02121385524779],[-106.37496312143675,40.02119639579657],[-106.37494568707815,40.02117072012488],[-106.37492020609251,40.02118715255588],[-106.3748786318528,40.021211801194944],[-106.37484376313559,40.02122412551114],[-106.37482096435897,40.02124672008505],[-106.37481694104544,40.02127650383013],[-106.37483437540403,40.02130936863722],[-106.37489070179336,40.02131861186135],[-106.3749510514962,40.02130834161222]]]}"
31,1,"{""type"":""Polygon"",""coordinates"":[[[-106.37426560732504,40.021185540421975],[-106.37426694842956,40.021219432299205],[-106.37429645272873,40.021249216056205],[-106.37435948464056,40.0212543511854],[-106.37442117544792,40.02126051333995],[-106.37445738526961,40.02124202687464],[-106.37446140858313,40.021202999875975],[-106.37445738526962,40.02115781069173],[-106.37445336195609,40.02112289175612],[-106.37442251655243,40.021082837660906],[-106.37437557789465,40.021073594404825],[-106.37434339138647,40.02107462143334],[-106.37432863923691,40.02103970245516],[-106.3742937705197,40.021019161871415],[-106.37428438278816,40.020992459103304],[-106.37426560732504,40.02095137790119],[-106.37422939750334,40.02094829681001],[-106.37421732756277,40.02097089147525],[-106.37423744413039,40.02100786454773],[-106.374257560698,40.02104586462908],[-106.374257560698,40.021087972802626],[-106.37426292511603,40.02113932419862],[-106.37426560732504,40.021185540421975]]]}"
32,1,"{""type"":""Polygon"",""coordinates"":[[[-106.37430718156479,40.02136218880938],[-106.37436082574507,40.021352945591154],[-106.37437155458115,40.02133240510172],[-106.37436753126761,40.021284134927164],[-106.37431791040083,40.02126872954512],[-106.37425219627997,40.021282080876425],[-106.37418782326363,40.0212954322051],[-106.37413283797882,40.021311864606055],[-106.3741140625157,40.021352945591154],[-106.37413686129233,40.021388891432814],[-106.37424817296646,40.0213796482182],[-106.37430718156479,40.02136218880938]]]}"
33,1,"{""type"":""Polygon"",""coordinates"":[[[-106.37503787210419,40.02089031863387],[-106.37501909664108,40.020844102210546],[-106.37496947577431,40.020798912788585],[-106.37490107944443,40.02079583169054],[-106.37485414078667,40.02079377762512],[-106.37479379108383,40.020781453231194],[-106.37472271254494,40.020742425969054],[-106.37471734812691,40.020701344616384],[-106.37467711499168,40.020683885034025],[-106.37466638615561,40.02074345300255],[-106.37462078860236,40.02077939916532],[-106.3746274941249,40.02083794001841],[-106.37468113830519,40.020847183306415],[-106.37471332481337,40.02090675113239],[-106.37474282911255,40.020978643266886],[-106.37477903893424,40.02102691365756],[-106.37490376165344,40.02100021089247],[-106.3749319248481,40.02096323781587],[-106.37494131257964,40.02091394034924],[-106.37503787210419,40.02089031863387]]]}"
34,1,"{""type"":""Polygon"",""coordinates"":[[[-106.37472557942031,40.02147437339354],[-106.37472423831579,40.02143431950465],[-106.37471619168876,40.02139529261597],[-106.37470412174818,40.02136345487443],[-106.37470143953917,40.02132442794521],[-106.37464645425437,40.02132648199467],[-106.37457805792448,40.021342914388164],[-106.37451904932617,40.02135421165636],[-106.37455123583433,40.021397346663285],[-106.37455391804335,40.02144869782645],[-106.37455928246139,40.021511346193144],[-106.37458208123802,40.02154112982274],[-106.37463036100029,40.021509292149254],[-106.37467864076255,40.021494913840236],[-106.37472557942031,40.02147437339354]]]}"
35,1,"{""type"":""Polygon"",""coordinates"":[[[-106.37457554882894,40.02059758913882],[-106.37461444085967,40.020556507698956],[-106.374676131667,40.02049385845552],[-106.37471636480223,40.020424019886875],[-106.37472843474279,40.02037574906969],[-106.3747311169518,40.02035623532539],[-106.37476330346,40.02031207262032],[-106.37476732677352,40.02028228845425],[-106.37471770590675,40.020262774683225],[-106.37464528626334,40.020253531316044],[-106.37459566539657,40.020290504777215],[-106.37461444085967,40.020315153740206],[-106.37462651080024,40.02039218169214],[-106.37456213778388,40.02047947993254],[-106.37449910587202,40.02056985916961],[-106.37446826046836,40.02062634613202],[-106.37447228378187,40.02069104932237],[-106.3745299512757,40.02068180601324],[-106.37457554882894,40.02059758913882]]]}"
36,1,"{""type"":""Polygon"",""coordinates"":[[[-106.37493496483694,40.019852877286965],[-106.37492557710539,40.01983130929871],[-106.3749094838513,40.019789200349635],[-106.37487997955213,40.019740929083376],[-106.37485181635748,40.01970087417692],[-106.37482231205831,40.01967725204157],[-106.37476196235548,40.01971422581501],[-106.37479280775915,40.01975017251999],[-106.37482231205831,40.01979022739749],[-106.37484511083494,40.01983849862889],[-106.37486925071607,40.01987547231496],[-106.37493496483694,40.019852877286965]]]}"
37,1,"{""type"":""Polygon"",""coordinates"":[[[-106.3751441771401,40.019898067335454],[-106.37514149493109,40.0198713641286],[-106.37511467284094,40.01985082319312],[-106.3750730986012,40.01980871425611],[-106.37503957098852,40.01978303806222],[-106.37501543110739,40.01976557824489],[-106.37498726791274,40.01973579384027],[-106.37494837588203,40.01969265778294],[-106.37490277832876,40.01965979219718],[-106.37489070838821,40.019724496304065],[-106.37491484826934,40.019784065110166],[-106.37494971698654,40.019852877286965],[-106.37498592680822,40.01992374348603],[-106.37504895872009,40.01996071712592],[-106.3751441771401,40.019898067335454]]]}"
38,1,"{""type"":""Polygon"",""coordinates"":[[[-105.1243269994704,40.63021778678751],[-105.12432163505237,40.630140433810496],[-105.12431627063434,40.63005900952739],[-105.12432163505237,40.62997758514497],[-105.12432163505237,40.62991244556755],[-105.12421434669177,40.62990837434186],[-105.12408023624103,40.62994501536419],[-105.12405341415088,40.63001829734856],[-105.12411242274919,40.630173003495955],[-105.12413388042133,40.630278854863974],[-105.12423043994585,40.63033178048504],[-105.12434309272447,40.63030735328053],[-105.1243269994704,40.63021778678751]]]}"
39,1,"{""type"":""Polygon"",""coordinates"":[[[-105.12439673690479,40.630657475691415],[-105.12438064365068,40.630612692694726],[-105.12430017738023,40.63061676387749],[-105.12427335529009,40.63067376041002],[-105.12439673690479,40.630657475691415]]]}"
40,1,"{""type"":""Polygon"",""coordinates"":[[[-105.12391930370012,40.63073482806949],[-105.12395685462633,40.63065747569141],[-105.12396758346239,40.630567909668024],[-105.12399440555255,40.63049462828681],[-105.12398367671648,40.63044170279478],[-105.12391930370012,40.63041320443557],[-105.12376373557727,40.63042134682514],[-105.12377446441332,40.630519055422795],[-105.12377446441332,40.63060455032849],[-105.12381201533954,40.63071447218921],[-105.12391930370012,40.63073482806949]]]}"
41,1,"{""type"":""Polygon"",""coordinates"":[[[-106.68978534430624,44.34951832646877],[-106.68973170012595,44.34956244086097],[-106.68967135042311,44.34959600613717],[-106.68961770624283,44.34962957139415],[-106.68966866821411,44.3496640956384],[-106.68975047558905,44.34962285834429],[-106.68984301180006,44.34956244086098],[-106.68978534430624,44.34951832646877]]]}"
42,1,"{""type"":""Polygon"",""coordinates"":[[[-106.68971828908089,44.34955764581997],[-106.6896700093186,44.34951449043308],[-106.68954662770392,44.34957011292582],[-106.68955065101746,44.34958737506798],[-106.68951578230026,44.34960176018259],[-106.68955869764449,44.34963916146402],[-106.68971828908089,44.34955764581997]]]}"
43,1,"{""type"":""Polygon"",""coordinates"":[[[-106.6895399221814,44.34952695754812],[-106.68948359579207,44.34954134267755],[-106.68944068044783,44.3495586048282],[-106.68945677370192,44.349583539036836],[-106.68942995161179,44.34959121109889],[-106.68943397492531,44.34960463720508],[-106.68945543259741,44.349609432242254],[-106.68954260439041,44.34957107193384],[-106.6895399221814,44.34952695754812]]]}"
44,1,"{""type"":""Polygon"",""coordinates"":[[[-106.68960697740675,44.349472294024075],[-106.6895774731076,44.349474212043326],[-106.68958551973463,44.349454072838085],[-106.6895613798535,44.349451195808186],[-106.68944604486586,44.34948092511023],[-106.68944068044783,44.34951161340616],[-106.68946213811995,44.34951449043307],[-106.68946482032898,44.34953367060894],[-106.6894889602101,44.34953175259164],[-106.68951712340477,44.34952599853935],[-106.68960563630225,44.34949531025095],[-106.68960697740675,44.349472294024075]]]}"
45,1,"{""type"":""Polygon"",""coordinates"":[[[-106.69003856736069,44.34943968768723],[-106.69006136613733,44.349426261543265],[-106.68998089986688,44.349362007811656],[-106.68994334894066,44.349383106059626],[-106.69003856736069,44.34943968768723]]]}"
46,1,"{""type"":""Polygon"",""coordinates"":[[[-106.68993932562715,44.349362007811656],[-106.68998626428491,44.34936008978871],[-106.68997419434433,44.34931885228073],[-106.68992591458206,44.3492814507949],[-106.68987361150629,44.34930638512142],[-106.68993932562715,44.349362007811656]]]}"
47,1,"{""type"":""Polygon"",""coordinates"":[[[-106.68995810109026,44.34926227053651],[-106.6899688299263,44.34924500829856],[-106.68991384464151,44.34919130352582],[-106.68989238696939,44.34919130352582],[-106.68988836365585,44.349173082252456],[-106.6898588593567,44.34916636915034],[-106.68986422377472,44.34913759870389],[-106.68984008389359,44.34912800855192],[-106.68975425320512,44.349183631411414],[-106.6898213084305,44.349237336191194],[-106.68981326180345,44.34924692632524],[-106.68987227040178,44.34930350808431],[-106.68995810109026,44.34926227053651]]]}"
48,1,"{""type"":""Polygon"",""coordinates"":[[[-106.68999028759842,44.34922774605554],[-106.68996346550827,44.349224869014556],[-106.6899688299263,44.34925459843137],[-106.69007209497337,44.34934090955605],[-106.69010428148155,44.34931789326857],[-106.68999028759842,44.34922774605554]]]}"
49,1,"{""type"":""Polygon"",""coordinates"":[[[-106.69027728396301,44.34922966408283],[-106.69021559315567,44.34926610658867],[-106.69035506802446,44.3493610488002],[-106.6904355342949,44.34933707350877],[-106.69027728396301,44.34922966408283]]]}"
50,1,"{""type"":""Polygon"",""coordinates"":[[[-106.69004527288322,44.34914143476425],[-106.69014451461678,44.34906950859105],[-106.69012171584015,44.349053205312856],[-106.69009087043648,44.34898319706669],[-106.68996346550827,44.349084852848726],[-106.68997687655336,44.34910115611814],[-106.69001040416605,44.349095402023565],[-106.69004527288322,44.34914143476425]]]}"
51,1,"{""type"":""Polygon"",""coordinates"":[[[-106.69044089871294,44.34885277052211],[-106.6903792079056,44.34888345914693],[-106.69030544715767,44.34890743462391],[-106.69024777966385,44.348944836348416],[-106.6902933772171,44.34901484464038],[-106.69044358092194,44.34899470527729],[-106.69052270608789,44.348953467512224],[-106.69044089871294,44.34885277052211]]]}"
52,1,"{""type"":""Polygon"",""coordinates"":[[[-106.69068095641977,44.349012926606115],[-106.69064742880707,44.34901100857175],[-106.69062463003044,44.349018680708745],[-106.69065547543411,44.34907238563967],[-106.69069302636032,44.34906759055855],[-106.69068095641977,44.349012926606115]]]}"
53,1,"{""type"":""Polygon"",""coordinates"":[[[-106.69036043244247,44.34884989346271],[-106.69042748766786,44.34882208188122],[-106.69044358092195,44.34877988497371],[-106.69043687539941,44.348755909444556],[-106.6903792079056,44.34872234368727],[-106.69034568029289,44.348749196294655],[-106.69030678826219,44.3487587865086],[-106.69030142384416,44.348782762036564],[-106.69036043244247,44.34884989346271]]]}"
54,1,"{""type"":""Polygon"",""coordinates"":[[[-106.69011903363113,44.34857465412687],[-106.69002783852464,44.34857465412687],[-106.69003052073366,44.348591916562214],[-106.69011501031763,44.348589998514115],[-106.69011903363113,44.34857465412687]]]}"
55,1,"{""type"":""Polygon"",""coordinates"":[[[-106.69020754652863,44.34857177705381],[-106.6901284213627,44.34856794095618],[-106.69012037473566,44.34866096625282],[-106.69020754652863,44.34865904820696],[-106.69020754652863,44.34857177705381]]]}"
56,1,"{""type"":""Polygon"",""coordinates"":[[[-106.69030410605318,44.34856985900503],[-106.69021425205118,44.348561227784735],[-106.69021291094667,44.34867822866276],[-106.6902933772171,44.34867439257209],[-106.69030410605318,44.34856985900503]]]}"
57,1,"{""type"":""Polygon"",""coordinates"":[[[-106.69038859563713,44.348591916562214],[-106.6903121526802,44.348597670706226],[-106.69031483488924,44.34863219555829],[-106.69038993674164,44.348629318488065],[-106.69038859563713,44.348591916562214]]]}"
58,1,"{""type"":""Polygon"",""coordinates"":[[[-106.69047174411659,44.34857081802944],[-106.69039530115968,44.348570818029444],[-106.69039396005516,44.34861876922934],[-106.69047040301209,44.3486149331348],[-106.69047174411659,44.34857081802944]]]}"
59,1,"{""type"":""Polygon"",""coordinates"":[[[-106.69055221038704,44.348577531199794],[-106.69047576743013,44.34857273607819],[-106.69047576743013,44.348600547778005],[-106.69055355149155,44.34859767070622],[-106.69055221038704,44.348577531199794]]]}"
60,1,"{""type"":""Polygon"",""coordinates"":[[[-106.69064983660166,44.34920363252479],[-106.69065251881068,44.34914992771412],[-106.69059887463037,44.3491489686992],[-106.69052511388247,44.349171985053054],[-106.69054925376359,44.349216099705934],[-106.6906055801529,44.349216099705934],[-106.69061228567544,44.34920650956683],[-106.69064983660166,44.34920363252479]]]}"
61,1,"{""type"":""Polygon"",""coordinates"":[[[-106.69060960346644,44.34925637827306],[-106.6906055801529,44.34921801773356],[-106.69055461818162,44.34921993576112],[-106.69052109056894,44.349223771816085],[-106.69053047830049,44.34927843557188],[-106.69057339364474,44.34927076346891],[-106.69060960346644,44.34925637827306]]]}"
62,1,"{""type"":""Polygon"",""coordinates"":[[[-106.69129147370784,44.34944146752334],[-106.69116004546612,44.34943379544167],[-106.69116004546612,44.34945585267376],[-106.6911399288985,44.34945489366383],[-106.69113590558499,44.34943859049283],[-106.69099777182072,44.34943954950302],[-106.69098570188014,44.34948174593559],[-106.69100447734326,44.34948270494507],[-106.69100447734326,44.349517229275854],[-106.69102861722438,44.349518188284726],[-106.69102861722438,44.34948270494506],[-106.69105812152354,44.34948270494506],[-106.69106348594158,44.349492295038985],[-106.69109030803173,44.34949133602966],[-106.69111981233088,44.34948462296398],[-106.69114395221202,44.349485581973404],[-106.69117882092922,44.349490377020324],[-106.69121368964642,44.349485581973404],[-106.69124051173655,44.349477909897516],[-106.69129013260333,44.3494807869261],[-106.69129147370784,44.34944146752334]]]}"
63,1,"{""type"":""Polygon"",""coordinates"":[[[-106.69098301967114,44.34944338554361],[-106.69095083316294,44.34944242653347],[-106.69095083316296,44.34947119683029],[-106.69098033746211,44.34947023782064],[-106.69098301967114,44.34944338554361]]]}"
64,1,"{""type"":""Polygon"",""coordinates"":[[[-106.69093205769984,44.34944434455369],[-106.69091328223674,44.34944242653347],[-106.69089718898266,44.34943475445194],[-106.69086097916095,44.34943283643139],[-106.69085695584744,44.34948366395454],[-106.69090255340068,44.349490377020324],[-106.69091328223674,44.34948270494507],[-106.69093742211788,44.34947982791659],[-106.69093205769984,44.34944434455369]]]}"
65,1,"{""type"":""Polygon"",""coordinates"":[[[-106.69125526388613,44.34930624693692],[-106.69125392278164,44.34933118125291],[-106.69122575958698,44.34933214026485],[-106.69119893749684,44.34932255014472],[-106.69117613872021,44.349314878047494],[-106.69112785895794,44.34931871409621],[-106.69113456448046,44.34937625479721],[-106.69118016203372,44.34937337776348],[-106.69118418534724,44.34940598413724],[-106.6911922319743,44.34941461523312],[-106.69119223197428,44.34942324632775],[-106.691228441796,44.349420369296354],[-106.69123514731852,44.349407902158646],[-106.69125124057263,44.34940502512648],[-106.69124453505009,44.349389680952626],[-106.69123112400501,44.34938872194163],[-106.69123112400501,44.349375295785975],[-106.69128879149882,44.34937625479721],[-106.69128879149883,44.34930241088733],[-106.69125526388613,44.34930624693692]]]}"
66,1,"{""type"":""Polygon"",""coordinates"":[[[-106.6910152061793,44.34931775508408],[-106.69098838408915,44.34931008298621],[-106.69096290310353,44.34932063212051],[-106.69096424420803,44.34934652544209],[-106.69097497304409,44.34937241875221],[-106.6910125239703,44.34937145974093],[-106.6910152061793,44.34931775508408]]]}"
67,1,"{""type"":""Polygon"",""coordinates"":[[[-106.69085427363842,44.34937145974093],[-106.69081135829418,44.34937145974093],[-106.69081269939869,44.349430918410796],[-106.6908529325339,44.349424205338195],[-106.69085427363842,44.34937145974093]]]}"
68,1,"{""type"":""Polygon"",""coordinates"":[[[-106.6911287169634,44.349967534073784],[-106.69102679302082,44.349988632103845],[-106.69104288627491,44.35004329514629],[-106.69116090347157,44.350014525130284],[-106.6911287169634,44.349967534073784]]]}"
69,1,"{""type"":""Polygon"",""coordinates"":[[[-106.69107775499211,44.34990519894072],[-106.69101204087124,44.34992341998649],[-106.69101606418478,44.34995123104539],[-106.69109653045523,44.34993588701454],[-106.69107775499211,44.34990519894072]]]}"
70,1,"{""type"":""Polygon"",""coordinates"":[[[-106.69113542248593,44.35008549114419],[-106.69108311941015,44.35009316314057],[-106.69108982493267,44.350142072093725],[-106.69115151574003,44.35013535910258],[-106.69113542248593,44.35008549114419]]]}"
71,1,"{""type"":""Polygon"",""coordinates"":[[[-106.69119174887526,44.350167965052414],[-106.69117163230764,44.35015837506905],[-106.6911649267851,44.35016988304893],[-106.69113676359045,44.35017084204713],[-106.69114078690396,44.35020632497019],[-106.69117297341214,44.350208242965415],[-106.69117431451666,44.350190981006094],[-106.6911997955023,44.35019289900183],[-106.69119174887526,44.350167965052414]]]}"
72,1,"{""type"":""Polygon"",""coordinates"":[[[-106.69075438339891,44.35014882602894],[-106.6907168324727,44.35014882602894],[-106.69071549136821,44.350196775937896],[-106.69075438339891,44.35020061192892],[-106.69075438339891,44.35014882602894]]]}"
73,1,"{""type"":""Polygon"",""coordinates"":[[[-105.4565711610962,42.76699210210993],[-105.45657652551422,42.76691629300672],[-105.45647996598969,42.76691826207553],[-105.45649605924379,42.76688872603712],[-105.45655640894662,42.76689463324592],[-105.45656847888719,42.76687986522284],[-105.45655640894662,42.766869035336995],[-105.45650947028885,42.766871004407285],[-105.45645984942207,42.766873958012624],[-105.4564826481987,42.76685426730783],[-105.45646387273561,42.76684639102414],[-105.4564290040184,42.766844421953074],[-105.4564290040184,42.766833592061055],[-105.45647460157166,42.76683457659677],[-105.45651885802042,42.76681193227134],[-105.45650410587083,42.766785349791775],[-105.45644777948152,42.766817839487466],[-105.45642363960039,42.76679027247401],[-105.45639413530121,42.76679224154681],[-105.4563753598381,42.76680799412693],[-105.45636597210655,42.76678731886471],[-105.4563378089119,42.76680700959078],[-105.45633244449388,42.766830638453825],[-105.45630294019472,42.766807994126914],[-105.45627880031357,42.766785349791775],[-105.4562627070595,42.766793226083195],[-105.45624259049188,42.76681193227134],[-105.45625466043245,42.766824731238906],[-105.4562855058361,42.766871004407285],[-105.45628818804512,42.766888726037116],[-105.45631098682175,42.766904478592664],[-105.45631903344879,42.76693007648693],[-105.45634183222543,42.76693795275996],[-105.45636194879303,42.76692613835005],[-105.45636463100206,42.766901524988796],[-105.45637670094261,42.76690546312727],[-105.45636865431558,42.76693204555528],[-105.45637938315163,42.76695567437062],[-105.4563901119877,42.76697438050969],[-105.45641559297334,42.76697339597621],[-105.45642632180939,42.766957643438154],[-105.45643705064545,42.76701966903352],[-105.45647191936264,42.767045266880196],[-105.4565711610962,42.76699210210993]]]}"
74,1,"{""type"":""Polygon"",""coordinates"":[[[-105.45631501013528,42.76693303008944],[-105.45630696350824,42.76690940126547],[-105.45627880031357,42.76690546312727],[-105.45627611810455,42.766887741502245],[-105.45624124938736,42.76689266417636],[-105.45623454386484,42.76690447859268],[-105.45620369846117,42.76691137033449],[-105.45618894631158,42.76690349405808],[-105.4561581009079,42.76690250952344],[-105.45612859660874,42.76690743219641],[-105.45612591439973,42.76691727754114],[-105.45593815976868,42.76691826207553],[-105.45594888860474,42.76701277730377],[-105.45597034627687,42.76701868450076],[-105.45598107511293,42.76703148342562],[-105.4560146027256,42.767032467958195],[-105.45604276592027,42.76702459169719],[-105.45609104568254,42.767012777303776],[-105.45612591439973,42.76697930317694],[-105.45612323219072,42.767034437023284],[-105.45614737207184,42.767037390620814],[-105.45615005428085,42.76706101939596],[-105.45617017084847,42.76706003486385],[-105.45618224078905,42.767034437023284],[-105.45618760520706,42.767054127670825],[-105.45620503956566,42.767042313283056],[-105.45621845061073,42.767034437023284],[-105.45623186165582,42.767039359685754],[-105.45623856717835,42.76700785463922],[-105.45622113281975,42.766989148510234],[-105.45622515613327,42.76696847330847],[-105.45627075368652,42.76696551970766],[-105.45631501013528,42.76693303008944]]]}"
75,1,"{""type"":""Polygon"",""coordinates"":[[[-105.45627880031357,42.766864112661],[-105.45625466043245,42.766824731238906],[-105.45620503956566,42.766824731238906],[-105.45619833404312,42.76680110237364],[-105.45611786777268,42.76679913330112],[-105.45611518556366,42.766821777631236],[-105.45589256221544,42.76682374670301],[-105.4558885389019,42.76685328277242],[-105.45591938430557,42.7668611590552],[-105.45593815976868,42.76689758685011],[-105.45614200765381,42.766901524988796],[-105.45612591439972,42.76686017451993],[-105.45620369846117,42.766842452881946],[-105.45627880031357,42.766864112661]]]}"
76,1,"{""type"":""Polygon"",""coordinates"":[[[-105.45636194879303,42.76715356534517],[-105.45636463100206,42.7671220603567],[-105.45634049112093,42.76711319957583],[-105.4563378089119,42.76710433879366],[-105.45632171565781,42.76710138519932],[-105.45631232792627,42.76711516863836],[-105.45627880031357,42.76711516863836],[-105.45628014141809,42.76709843160485],[-105.45623722607385,42.76709449347867],[-105.45622515613327,42.76707775643957],[-105.45619565183411,42.767085632693835],[-105.4561406665493,42.76709252441545],[-105.45606288248788,42.767056096735224],[-105.45605885917436,42.76708661722553],[-105.45601326162111,42.76708661722553],[-105.45603740150223,42.767068895652336],[-105.45598241621744,42.76706791112035],[-105.45598107511293,42.76708464816209],[-105.45595291191827,42.76708563269383],[-105.45593547755966,42.7671220603567],[-105.45594352418671,42.767151596283874],[-105.45599046284448,42.767171286894154],[-105.45602130824815,42.76716833330301],[-105.45603471929321,42.76714667363031],[-105.45611518556366,42.76714667363031],[-105.45612859660875,42.767133874729254],[-105.45616614753494,42.76713584379114],[-105.45617955858003,42.76714175097639],[-105.45621979171524,42.76712304488783],[-105.45622783834229,42.76713978191468],[-105.45627745920906,42.76713781285295],[-105.4563002579857,42.767157503467594],[-105.45636194879303,42.76715356534517]]]}"
77,1,"{""type"":""Polygon"",""coordinates"":[[[-105.45680853659402,42.76714175097639],[-105.45680719548952,42.76712501395006],[-105.45676293904076,42.76708858628892],[-105.45675891572724,42.76711713770082],[-105.45672538811455,42.76711319957583],[-105.45669051939736,42.76708366363034],[-105.4566636973072,42.767059050331724],[-105.45656981999169,42.76705708126741],[-105.45654299790154,42.767075787375845],[-105.45653226906548,42.76710827691922],[-105.4565000825573,42.767118122232006],[-105.45644241506348,42.76712009129437],[-105.456443756168,42.76709843160485],[-105.45639815861473,42.767105323325076],[-105.4564115696598,42.76716833330301],[-105.45647594267616,42.767167348772574],[-105.45647728378067,42.76715356534517],[-105.45650812918436,42.76715553440643],[-105.45651483470688,42.76717817860626],[-105.4566435807396,42.76717916313651],[-105.45667308503877,42.767157503467594],[-105.45672270590553,42.767157503467594],[-105.45672941142809,42.767126983012226],[-105.45674818689119,42.76712698301222],[-105.4567522102047,42.76714962722249],[-105.45680853659402,42.76714175097639]]]}"
